date_time,Hs (m)
2012-05-23T20:03:00Z,0.995894730091
2012-05-23T20:32:59Z,0.95487767458
2012-05-23T21:02:59Z,1.01886701584
2012-05-23T21:33:00Z,0.93036788702
2012-05-23T22:02:59Z,0.880421519279
2012-05-23T22:32:59Z,0.949528634548
2012-05-23T23:03:00Z,0.9420119524
2012-05-23T23:32:59Z,1.12331092358
2012-05-24T00:02:59Z,1.04882180691
2012-05-24T00:33:00Z,0.939554870129
2012-05-24T01:02:59Z,0.880738317966
2012-05-24T01:32:59Z,0.94200193882
2012-05-24T02:03:00Z,0.933327436447
2012-05-24T02:32:59Z,0.904808580875
2012-05-24T03:02:59Z,0.919918119907
2012-05-24T03:33:00Z,0.854446351528
2012-05-24T04:02:59Z,0.833635091782
2012-05-24T04:32:59Z,0.874634861946
2012-05-24T05:03:00Z,0.812642037868
2012-05-24T05:32:59Z,0.888911008835
2012-05-24T06:02:59Z,0.965402662754
2012-05-24T06:33:00Z,0.857547700405
2012-05-24T07:02:59Z,0.828157126904
2012-05-24T07:32:59Z,0.800111889839
2012-05-24T08:03:00Z,0.776050746441
2012-05-24T08:32:59Z,0.84019857645
2012-05-24T09:33:00Z,0.842299759388
2012-05-24T10:02:59Z,0.928351163864
2012-05-24T10:32:59Z,0.81202095747
2012-05-24T11:03:00Z,0.851531922817
2012-05-24T11:32:59Z,0.933609902859
2012-05-24T12:02:59Z,0.991652727127
2012-05-24T12:33:00Z,0.940677285194
2012-05-24T13:02:59Z,0.971816241741
2012-05-24T13:32:59Z,0.956965506077
2012-05-24T14:03:00Z,0.960555016994
2012-05-24T14:32:59Z,0.921935379505
2012-05-24T15:02:59Z,0.890955030918
2012-05-24T15:33:00Z,0.908752799034
2012-05-24T16:32:59Z,0.84951287508
2012-05-24T17:03:00Z,0.827516317368
2012-05-24T17:32:59Z,0.862235963345
2012-05-24T18:02:59Z,0.89926981926
2012-05-24T18:33:00Z,0.861038684845
2012-05-24T19:02:59Z,0.857395589352
2012-05-24T19:32:59Z,0.840366542339
2012-05-24T20:03:00Z,0.773177862167
2012-05-24T20:32:59Z,0.85113465786
2012-05-24T21:02:59Z,0.881701827049
2012-05-24T21:33:00Z,0.927994370461
2012-05-24T22:02:59Z,0.90224891901
2012-05-24T22:32:59Z,0.868351221085
2012-05-24T23:03:00Z,0.819126844406
2012-05-24T23:32:59Z,0.897979259491
2012-05-25T00:02:59Z,0.997918784618
2012-05-25T00:33:00Z,0.981991529465
2012-05-25T01:02:59Z,0.94766831398
2012-05-25T01:32:59Z,0.985388040543
2012-05-25T02:03:00Z,0.984628558159
2012-05-25T02:32:59Z,0.981555223465
2012-05-25T03:02:59Z,0.941329956055
2012-05-25T03:33:00Z,1.01568043232
2012-05-25T04:02:59Z,1.00266098976
2012-05-25T04:32:59Z,0.96635311842
2012-05-25T05:03:00Z,1.01759493351
2012-05-25T05:32:59Z,1.02651453018
2012-05-25T06:02:59Z,0.992616057396
2012-05-25T06:33:00Z,0.947632789612
2012-05-25T07:02:59Z,1.03868186474
2012-05-25T07:32:59Z,0.999177575111
2012-05-25T08:03:00Z,1.0487716198
2012-05-25T08:32:59Z,1.03697514534
2012-05-25T09:33:00Z,1.14751183987
2012-05-25T10:02:59Z,1.14907348156
2012-05-25T10:32:59Z,1.18266391754
2012-05-25T11:03:00Z,1.24969828129
2012-05-25T11:32:59Z,1.19029355049
2012-05-25T12:02:59Z,1.23858702183
2012-05-25T12:33:00Z,1.2275904417
2012-05-25T13:02:59Z,1.16702282429
2012-05-25T13:32:59Z,1.13527059555
2012-05-25T14:03:00Z,1.14009296894
2012-05-25T14:32:59Z,1.19187998772
2012-05-25T15:02:59Z,1.15977203846
2012-05-25T15:33:00Z,1.08626806736
2012-05-25T16:02:59Z,1.06635141373
2012-05-25T16:32:59Z,1.06541001797
2012-05-25T18:02:59Z,1.06161606312
2012-05-25T18:33:00Z,1.02579987049
2012-05-25T19:02:59Z,0.992730975151
2012-05-25T19:32:59Z,1.06104433537
2012-05-25T20:03:00Z,1.11591279507
2012-05-25T20:32:59Z,1.17366719246
2012-05-25T21:02:59Z,1.17263686657
2012-05-25T21:33:00Z,1.3718329668
2012-05-25T22:02:59Z,1.32702767849
2012-05-25T22:32:59Z,1.38410770893
2012-05-25T23:03:00Z,1.64066588879
2012-05-25T23:32:59Z,1.54465043545
2012-05-26T00:02:59Z,1.56113684177
2012-05-26T00:33:00Z,1.73728835583
2012-05-26T01:02:59Z,1.7431832552
2012-05-26T01:32:59Z,1.78185713291
2012-05-26T02:32:59Z,1.96204006672
2012-05-26T03:02:59Z,1.90366637707
2012-05-26T03:33:00Z,1.95086252689
2012-05-26T04:02:59Z,1.93828010559
2012-05-26T04:32:59Z,1.87846887112
2012-05-26T05:03:00Z,1.72142267227
2012-05-26T05:32:59Z,1.89904367924
2012-05-26T07:02:59Z,1.91221225262
2012-05-26T07:32:59Z,1.79897010326
2012-05-26T08:03:00Z,1.96384263039
2012-05-26T08:32:59Z,1.94157505035
2012-05-26T09:02:59Z,2.10701680183
2012-05-26T09:33:00Z,2.10080218315
2012-05-26T10:02:59Z,2.04975819588
2012-05-26T10:32:59Z,2.04782795906
2012-05-26T11:03:00Z,1.9882029295
2012-05-26T11:32:59Z,1.8345553875
2012-05-26T12:02:59Z,1.90379333496
2012-05-26T12:33:00Z,1.95635068417
2012-05-26T13:02:59Z,2.01688241959
2012-05-26T13:32:59Z,1.76411068439
2012-05-26T14:03:00Z,1.91497981548
2012-05-26T14:32:59Z,1.86889624596
2012-05-26T15:02:59Z,1.6950006485
2012-05-26T15:33:00Z,1.69014108181
2012-05-26T16:02:59Z,1.74571096897
2012-05-26T16:32:59Z,1.90699017048
2012-05-26T17:03:00Z,1.80077087879
2012-05-26T17:32:59Z,1.80771267414
2012-05-26T18:02:59Z,2.01294207573
2012-05-26T21:31:59Z,2.00493383408
2012-05-26T22:02:00Z,1.91683137417
2012-05-26T22:32:00Z,1.94801700115
2012-05-26T23:01:59Z,2.03491806984
2012-05-26T23:32:00Z,1.98181831837
2012-05-27T00:02:00Z,1.82527840137
2012-05-27T00:31:59Z,2.00316643715
2012-05-27T01:02:00Z,1.88553380966
2012-05-27T02:01:59Z,1.78437876701
2012-05-27T02:32:00Z,1.8100938797
2012-05-27T03:02:00Z,1.82162642479
2012-05-27T03:31:59Z,1.8273383379
2012-05-27T04:02:00Z,1.84186983109
2012-05-27T04:32:00Z,1.64268887043
2012-05-27T05:01:59Z,1.73398029804
2012-05-27T05:32:00Z,1.79260635376
2012-05-27T06:02:00Z,1.6660926342
2012-05-27T06:31:59Z,1.74321126938
2012-05-27T07:02:00Z,1.7569783926
2012-05-27T07:32:00Z,1.64406263828
2012-05-27T08:01:59Z,1.65430426598
2012-05-27T09:02:00Z,1.65768563747
2012-05-27T09:31:59Z,1.63815951347
2012-05-27T10:32:00Z,1.69626283646
2012-05-27T11:32:00Z,1.77607476711
2012-05-27T12:02:00Z,1.56393671036
2012-05-27T12:31:59Z,1.5483546257
2012-05-27T13:02:00Z,1.77546286583
2012-05-27T13:32:00Z,1.53812396526
2012-05-27T14:01:59Z,1.38568425179
2012-05-27T14:32:00Z,1.58819901943
2012-05-27T16:02:00Z,1.55710399151
2012-05-27T16:32:00Z,1.59539175034
2012-05-27T17:01:59Z,1.43575942516
2012-05-27T17:32:59Z,1.49393475056
2012-05-27T18:02:59Z,1.40787482262
2012-05-27T18:33:00Z,1.42828798294
2012-05-27T19:02:59Z,1.3490023613
2012-05-27T19:32:59Z,1.44749796391
2012-05-27T20:03:00Z,1.30124902725
2012-05-27T20:32:59Z,1.42502725124
2012-05-27T21:02:59Z,1.29376065731
2012-05-27T21:33:00Z,1.33672058582
2012-05-27T22:02:59Z,1.42165708542
2012-05-27T22:32:59Z,1.33817660809
2012-05-27T23:03:00Z,1.35821962357
2012-05-27T23:32:59Z,1.37231385708
2012-05-28T00:02:59Z,1.42596447468
2012-05-28T00:33:00Z,1.35327291489
2012-05-28T01:02:59Z,1.38009679317
2012-05-28T01:32:59Z,1.39671969414
2012-05-28T02:03:00Z,1.36320149899
2012-05-28T02:32:59Z,1.39749705791
2012-05-28T03:02:59Z,1.34923255444
2012-05-28T03:33:00Z,1.23327255249
2012-05-28T04:02:59Z,1.26712417603
2012-05-28T04:32:59Z,1.22069072723
2012-05-28T05:03:00Z,1.2299567461
2012-05-28T05:32:59Z,1.28794300556
2012-05-28T06:02:59Z,1.21275877953
2012-05-28T06:33:00Z,1.15851783752
2012-05-28T07:02:59Z,1.03449964523
2012-05-28T07:32:59Z,1.08217966557
2012-05-28T08:32:59Z,1.05939972401
2012-05-28T09:33:00Z,1.03354299068
2012-05-28T10:02:59Z,0.998388230801
2012-05-28T10:32:59Z,0.987081408501
2012-05-28T11:03:00Z,1.04630994797
2012-05-28T11:32:59Z,1.03783333302
2012-05-28T12:02:59Z,1.06589853764
2012-05-28T12:33:00Z,0.969898164272
2012-05-28T13:02:59Z,0.965317547321
2012-05-28T13:32:59Z,1.01189291477
2012-05-28T14:03:00Z,0.947439908981
2012-05-28T14:32:59Z,0.942651748657
2012-05-28T15:02:59Z,0.846955895424
2012-05-28T15:33:00Z,0.93248462677
2012-05-28T16:02:59Z,0.872898042202
2012-05-28T16:32:59Z,0.919530749321
2012-05-28T17:03:00Z,0.863226890564
2012-05-28T17:32:59Z,0.881297111511
2012-05-28T18:02:59Z,0.847246289253
2012-05-28T18:33:00Z,0.895400106907
2012-05-28T19:02:59Z,0.873176038265
2012-05-28T19:32:59Z,0.834111690521
2012-05-28T20:03:00Z,0.833921551704
2012-05-28T20:32:59Z,0.834014415741
2012-05-28T21:02:59Z,0.952515006065
2012-05-28T21:33:00Z,0.851502656937
2012-05-28T22:02:59Z,0.889792025089
2012-05-28T22:32:59Z,0.897610187531
2012-05-28T23:03:00Z,0.95691126585
2012-05-28T23:32:59Z,0.928241610527
2012-05-29T00:02:59Z,0.926623046398
2012-05-29T00:33:00Z,0.899304449558
2012-05-29T01:32:59Z,0.883913397789
2012-05-29T02:03:00Z,0.856316864491
2012-05-29T02:32:59Z,0.808979928493
2012-05-29T03:02:59Z,0.847643554211
2012-05-29T03:33:00Z,0.824249625206
2012-05-29T04:02:59Z,0.763970077038
2012-05-29T04:32:59Z,0.790740072727
2012-05-29T05:03:00Z,0.723639786243
2012-05-29T05:32:59Z,0.709800124168
2012-05-29T06:02:59Z,0.740403950214
2012-05-29T06:33:00Z,0.723127245903
2012-05-29T07:02:59Z,0.727488934994
2012-05-29T07:32:59Z,0.718365430832
2012-05-29T08:03:00Z,0.710014283657
2012-05-29T08:32:59Z,0.668931126595
2012-05-29T09:02:59Z,0.670019745827
2012-05-29T09:33:00Z,0.686126291752
2012-05-29T10:02:59Z,0.642755687237
2012-05-29T10:32:59Z,0.650049626827
2012-05-29T11:03:00Z,0.626167356968
2012-05-29T11:32:59Z,0.620691180229
2012-05-29T12:02:59Z,0.605848252773
2012-05-29T12:33:00Z,0.625050783157
2012-05-29T13:02:59Z,0.59910941124
2012-05-29T13:32:59Z,0.627125620842
2012-05-29T14:03:00Z,0.637882828712
2012-05-29T14:32:59Z,0.627526044846
2012-05-29T15:02:59Z,0.615178763866
2012-05-29T15:33:00Z,0.631443679333
2012-05-29T16:02:59Z,0.639486372471
2012-05-29T16:32:59Z,0.586568951607
2012-05-29T17:32:59Z,0.645713210106
2012-05-29T18:02:59Z,0.64520907402
2012-05-29T18:33:00Z,0.637616157532
2012-05-29T19:02:59Z,0.63070422411
2012-05-29T19:32:59Z,0.66949313879
2012-05-29T20:03:00Z,0.633016228676
2012-05-29T20:32:59Z,0.64548355341
2012-05-29T21:02:59Z,0.6361733675
2012-05-29T21:33:00Z,0.653907775879
2012-05-29T22:02:59Z,0.803737819195
2012-05-29T22:32:59Z,0.844396650791
2012-05-29T23:03:00Z,0.850173354149
2012-05-29T23:32:59Z,0.825548291206
2012-05-30T00:02:59Z,0.821624159813
2012-05-30T00:33:00Z,0.865676283836
2012-05-30T01:02:59Z,0.809718966484
2012-05-30T02:03:00Z,0.808592915535
2012-05-30T02:32:59Z,0.809018313885
2012-05-30T03:02:59Z,0.811407625675
2012-05-30T03:33:00Z,0.774350464344
2012-05-30T04:02:59Z,0.774613559246
2012-05-30T04:32:59Z,0.741533219814
2012-05-30T05:03:00Z,0.834550380707
2012-05-30T05:32:59Z,0.846187770367
2012-05-30T06:02:59Z,0.784824132919
2012-05-30T06:33:00Z,0.765229463577
2012-05-30T07:02:59Z,0.785517156124
2012-05-30T07:32:59Z,0.804308772087
2012-05-30T08:03:00Z,0.75934445858
2012-05-30T09:02:59Z,0.788823187351
2012-05-30T09:33:00Z,0.740799367428
2012-05-30T10:02:59Z,0.726482570171
2012-05-30T10:32:59Z,0.743796348572
2012-05-30T11:03:00Z,0.705947697163
2012-05-30T11:32:59Z,0.746696352959
2012-05-30T12:02:59Z,0.701613545418
2012-05-30T12:33:00Z,0.749260485172
2012-05-30T13:02:59Z,0.767456829548
2012-05-30T13:32:59Z,0.771443068981
2012-05-30T14:03:00Z,0.763895630836
2012-05-30T14:32:59Z,0.809513688087
2012-05-30T15:02:59Z,0.774595141411
2012-05-30T15:33:00Z,0.815750837326
2012-05-30T16:02:59Z,0.798240840435
2012-05-30T16:32:59Z,0.763034284115
2012-05-30T17:32:59Z,1.02134895325
2012-05-30T18:02:59Z,1.03928172588
2012-05-30T18:33:00Z,1.08240520954
2012-05-30T19:02:59Z,1.15362548828
2012-05-30T19:32:59Z,1.21682727337
2012-05-30T20:03:00Z,1.39537835121
2012-05-30T20:32:59Z,1.49824678898
2012-05-30T21:02:59Z,1.44298183918
2012-05-30T21:33:00Z,1.63554537296
2012-05-30T22:02:59Z,1.99794638157
2012-05-30T22:32:59Z,1.97350621223
2012-05-30T23:03:00Z,1.90500462055
2012-05-30T23:32:59Z,2.12747764587
2012-05-31T00:02:59Z,2.132158041
2012-05-31T00:33:00Z,2.00271272659
2012-05-31T01:32:59Z,1.93499815464
2012-05-31T02:03:00Z,1.93528151512
2012-05-31T02:32:59Z,1.8323495388
2012-05-31T03:02:59Z,1.9502030611
2012-05-31T03:33:00Z,1.79784870148
2012-05-31T04:02:59Z,1.73649942875
2012-05-31T04:32:59Z,1.87352693081
2012-05-31T05:03:00Z,1.68763124943
2012-05-31T05:32:59Z,1.69871580601
2012-05-31T06:02:59Z,1.61686050892
2012-05-31T06:33:00Z,1.57101666927
2012-05-31T07:02:59Z,1.49885177612
2012-05-31T07:32:59Z,1.42676448822
2012-05-31T08:03:00Z,1.37374460697
2012-05-31T08:32:59Z,1.30575358868
2012-05-31T09:02:59Z,1.1875770092
2012-05-31T09:33:00Z,1.19716072083
2012-05-31T10:02:59Z,1.1645359993
2012-05-31T10:32:59Z,1.05100119114
2012-05-31T11:03:00Z,1.02578699589
2012-05-31T11:32:59Z,0.998242497444
2012-05-31T12:02:59Z,0.903526544571
2012-05-31T12:33:00Z,0.892834722996
2012-05-31T13:02:59Z,0.889856636524
2012-05-31T13:32:59Z,0.901603758335
2012-05-31T14:03:00Z,0.866864740849
2012-05-31T14:32:59Z,0.859185755253
2012-05-31T15:02:59Z,0.867408216
2012-05-31T16:32:59Z,0.864141523838
2012-05-31T17:03:00Z,0.965339183807
2012-05-31T17:32:59Z,0.904628098011
2012-05-31T18:02:59Z,0.947527527809
2012-05-31T18:33:00Z,0.878873646259
2012-05-31T19:02:59Z,0.884489417076
2012-05-31T19:32:59Z,0.955109238625
2012-05-31T20:03:00Z,0.863200545311
2012-05-31T20:32:59Z,0.87356120348
2012-05-31T21:02:59Z,0.942614674568
2012-05-31T21:33:00Z,0.832348287106
2012-05-31T22:02:59Z,0.868568003178
2012-05-31T22:32:59Z,0.925713956356
2012-05-31T23:03:00Z,0.908225297928
2012-05-31T23:32:59Z,0.897448062897
2012-06-01T00:02:59Z,0.865373075008
2012-06-01T00:33:00Z,0.819916427135
2012-06-01T01:02:59Z,0.799309492111
2012-06-01T01:32:59Z,0.809531569481
2012-06-01T02:03:00Z,0.746616065502
2012-06-01T02:32:59Z,0.76896160841
2012-06-01T03:02:59Z,0.739315569401
2012-06-01T03:33:00Z,0.791094779968
2012-06-01T04:02:59Z,0.852433264256
2012-06-01T04:32:59Z,0.780280828476
2012-06-01T05:03:00Z,0.84863871336
2012-06-01T05:32:59Z,0.823686957359
2012-06-01T06:02:59Z,0.842134177685
2012-06-01T06:33:00Z,0.83382833004
2012-06-01T07:02:59Z,0.805804491043
2012-06-01T07:32:59Z,0.783043265343
2012-06-01T08:03:00Z,0.743465721607
2012-06-01T08:32:59Z,0.705839514732
2012-06-01T09:02:59Z,0.726424872875
2012-06-01T09:33:00Z,0.716107666492
2012-06-01T10:02:59Z,0.657218933105
2012-06-01T11:03:00Z,0.65693873167
2012-06-01T11:32:59Z,0.65053153038
2012-06-01T12:02:59Z,0.657949864864
2012-06-01T13:02:59Z,0.597237169743
2012-06-01T13:32:59Z,0.624530315399
2012-06-01T14:32:59Z,0.589222967625
2012-06-01T15:02:59Z,0.649563968182
2012-06-01T15:33:00Z,0.629494667053
2012-06-01T16:32:59Z,0.773521959782
2012-06-01T17:03:00Z,0.780511379242
2012-06-01T18:02:59Z,0.792951345444
2012-06-01T18:33:00Z,0.888131201267
2012-06-01T19:02:59Z,0.884777545929
2012-06-01T19:32:59Z,1.02296280861
2012-06-01T20:03:00Z,1.01817846298
2012-06-01T20:32:59Z,1.07239031792
2012-06-01T21:02:59Z,1.17139577866
2012-06-01T21:33:00Z,1.12555098534
2012-06-01T22:02:59Z,1.12934482098
2012-06-01T22:32:59Z,1.18589818478
2012-06-01T23:03:00Z,1.17827355862
2012-06-01T23:32:59Z,1.25903654099
2012-06-02T00:02:59Z,1.33013236523
2012-06-02T00:33:00Z,1.35847187042
2012-06-02T01:02:59Z,1.3502010107
2012-06-02T01:32:59Z,1.40056538582
2012-06-02T02:32:59Z,1.35041606426
2012-06-02T03:02:59Z,1.36124968529
2012-06-02T03:33:00Z,1.30783200264
2012-06-02T04:02:59Z,1.27864682674
2012-06-02T04:32:59Z,1.21405184269
2012-06-02T05:03:00Z,1.10842621326
2012-06-02T05:32:59Z,1.13707518578
2012-06-02T06:02:59Z,1.13760137558
2012-06-02T06:33:00Z,1.21447491646
2012-06-02T07:02:59Z,1.23356628418
2012-06-02T07:32:59Z,1.14230108261
2012-06-02T08:03:00Z,1.21424341202
2012-06-02T08:32:59Z,1.12289595604
2012-06-02T09:02:59Z,1.07306313515
2012-06-02T09:33:00Z,1.05027353764
2012-06-02T10:02:59Z,1.00659418106
2012-06-02T10:32:59Z,0.963742613792
2012-06-02T11:03:00Z,0.869744122028
2012-06-02T11:32:59Z,0.870703458786
2012-06-02T12:02:59Z,0.839375436306
2012-06-02T12:33:00Z,0.836321175098
2012-06-02T13:02:59Z,0.810267925262
2012-06-02T13:32:59Z,0.789704561234
2012-06-02T14:03:00Z,0.768901288509
2012-06-02T14:32:59Z,0.762103378773
2012-06-02T15:02:59Z,0.767673790455
2012-06-02T15:33:00Z,0.745126068592
2012-06-02T16:02:59Z,0.73907738924
2012-06-02T16:32:59Z,0.820536077023
2012-06-02T17:03:00Z,0.859674453735
2012-06-02T17:32:59Z,0.86737549305
2012-06-02T18:02:59Z,0.844529390335
2012-06-02T18:33:00Z,0.902418196201
2012-06-02T19:02:59Z,0.90402173996
2012-06-02T19:32:59Z,0.889154136181
2012-06-02T20:03:00Z,0.956281721592
2012-06-02T20:32:59Z,0.907991528511
2012-06-02T21:02:59Z,0.937552988529
2012-06-02T21:33:00Z,0.873670041561
2012-06-02T22:02:59Z,0.835373103619
2012-06-02T22:32:59Z,0.81953060627
2012-06-02T23:03:00Z,0.87292444706
2012-06-02T23:32:59Z,0.824245393276
2012-06-03T00:02:59Z,0.806497454643
2012-06-03T01:32:59Z,0.832037389278
2012-06-03T02:03:00Z,0.814432740211
2012-06-03T02:32:59Z,0.809605062008
2012-06-03T03:02:59Z,0.778149187565
2012-06-03T03:33:00Z,0.725092709064
2012-06-03T04:02:59Z,0.721268296242
2012-06-03T04:32:59Z,0.749992728233
2012-06-03T05:03:00Z,0.758566856384
2012-06-03T05:32:59Z,0.752179920673
2012-06-03T06:02:59Z,0.738679289818
2012-06-03T06:33:00Z,0.709313392639
2012-06-03T07:02:59Z,0.738697230816
2012-06-03T07:32:59Z,0.731791853905
2012-06-03T08:03:00Z,0.763625204563
2012-06-03T08:32:59Z,0.827073812485
2012-06-03T09:02:59Z,0.73498249054
2012-06-03T09:33:00Z,0.748614251614
2012-06-03T10:02:59Z,0.712220132351
2012-06-03T10:32:59Z,0.700299799442
2012-06-03T11:03:00Z,0.666150808334
2012-06-03T11:32:59Z,0.710747718811
2012-06-03T12:02:59Z,0.671167254448
2012-06-03T12:33:00Z,0.653384149075
2012-06-03T13:02:59Z,0.648923635483
2012-06-03T13:32:59Z,0.65680450201
2012-06-03T14:03:00Z,0.605929195881
2012-06-03T14:32:59Z,0.605434179306
2012-06-03T15:02:59Z,0.611467480659
2012-06-03T15:33:00Z,0.541988909245
2012-06-03T16:02:59Z,0.58062762022
2012-06-03T16:32:59Z,0.583477735519
2012-06-03T17:03:00Z,0.597431480885
2012-06-03T17:32:59Z,0.542173564434
2012-06-03T18:02:59Z,0.611971795559
2012-06-03T18:33:00Z,0.654118001461
2012-06-03T19:02:59Z,0.728228032589
2012-06-03T19:32:59Z,0.762315392494
2012-06-03T20:03:00Z,0.676872849464
2012-06-03T20:32:59Z,0.723625421524
2012-06-03T21:02:59Z,0.750923931599
2012-06-03T21:33:00Z,0.731242120266
2012-06-03T22:32:59Z,0.66496527195
2012-06-03T23:03:00Z,0.637566924095
2012-06-03T23:32:59Z,0.583584904671
2012-06-04T00:02:59Z,0.597974479198
2012-06-04T00:33:00Z,0.594458937645
2012-06-04T01:02:59Z,0.589752912521
2012-06-04T01:32:59Z,0.574632048607
2012-06-04T02:03:00Z,0.538423061371
2012-06-04T02:32:59Z,0.539997696877
2012-06-04T03:02:59Z,0.535140097141
2012-06-04T03:33:00Z,0.544611573219
2012-06-04T04:02:59Z,0.496370732784
2012-06-04T04:32:59Z,0.530120313168
2012-06-04T05:03:00Z,0.539995670319
2012-06-04T05:32:59Z,0.488604605198
2012-06-04T06:02:59Z,0.535705864429
2012-06-04T06:33:00Z,0.536587655544
2012-06-04T07:02:59Z,0.610444664955
2012-06-04T07:32:59Z,0.585601568222
2012-06-04T08:03:00Z,0.582452893257
2012-06-04T08:32:59Z,0.630639612675
2012-06-04T09:02:59Z,0.632437050343
2012-06-04T09:33:00Z,0.603194057941
2012-06-04T10:02:59Z,0.620976805687
2012-06-04T10:32:59Z,0.605529248714
2012-06-04T11:03:00Z,0.633890092373
2012-06-04T11:32:59Z,0.559202492237
2012-06-04T12:02:59Z,0.585283815861
2012-06-04T12:33:00Z,0.574222683907
2012-06-04T13:02:59Z,0.542933821678
2012-06-04T13:32:59Z,0.553668022156
2012-06-04T14:03:00Z,0.510264337063
2012-06-04T14:32:59Z,0.528477072716
2012-06-04T15:02:59Z,0.477824062109
2012-06-04T15:33:00Z,0.495266437531
2012-06-04T16:02:59Z,0.472787886858
2012-06-04T16:32:59Z,0.475857794285
2012-06-04T17:03:00Z,0.489542961121
2012-06-04T17:32:59Z,0.513081490993
2012-06-04T18:02:59Z,0.528907239437
2012-06-04T18:33:00Z,0.554796516895
2012-06-04T19:02:59Z,0.525091707706
2012-06-04T19:32:59Z,0.532134711742
2012-06-04T20:03:00Z,0.503735899925
2012-06-04T20:32:59Z,0.475288212299
2012-06-04T21:33:00Z,0.537820637226
2012-06-04T22:02:59Z,0.586424946785
2012-06-04T22:32:59Z,0.626042068005
2012-06-04T23:03:00Z,0.603155374527
2012-06-04T23:32:59Z,0.586991965771
2012-06-05T00:02:59Z,0.657220184803
2012-06-05T00:33:00Z,0.831283271313
2012-06-05T01:32:59Z,0.916930675507
2012-06-05T02:03:00Z,0.930071771145
2012-06-05T02:32:59Z,0.992118358612
2012-06-05T03:02:59Z,1.04718589783
2012-06-05T04:02:59Z,1.06259858608
2012-06-05T04:32:59Z,1.06765210629
2012-06-05T05:03:00Z,0.998040378094
2012-06-05T05:32:59Z,1.00714933872
2012-06-05T06:02:59Z,1.03436899185
2012-06-05T06:33:00Z,0.973203599453
2012-06-05T07:02:59Z,1.10314381123
2012-06-05T07:32:59Z,1.24597454071
2012-06-05T08:03:00Z,1.30401992798
2012-06-05T08:32:59Z,1.19853317738
2012-06-05T09:02:59Z,1.15188193321
2012-06-05T09:33:00Z,1.19692659378
2012-06-05T10:02:59Z,1.09937620163
2012-06-05T10:32:59Z,1.09554684162
2012-06-05T11:03:00Z,1.02649307251
2012-06-05T11:32:59Z,1.00896799564
2012-06-05T12:02:59Z,1.11132025719
2012-06-05T12:33:00Z,1.11414945126
2012-06-05T13:02:59Z,1.14230799675
2012-06-05T13:32:59Z,1.12554371357
2012-06-05T14:32:59Z,1.15202748775
2012-06-05T15:02:59Z,1.07849800587
2012-06-05T15:33:00Z,1.1346462965
2012-06-05T16:32:59Z,1.28666889668
2012-06-05T17:03:00Z,1.3336032629
2012-06-05T17:32:59Z,1.39686501026
2012-06-05T18:02:59Z,1.47114169598
2012-06-05T19:02:59Z,1.61870634556
2012-06-05T19:32:59Z,1.64440453053
2012-06-05T20:03:00Z,1.71110403538
2012-06-05T20:32:59Z,1.71370875835
2012-06-05T21:02:59Z,1.69666182995
2012-06-05T21:33:00Z,1.76641023159
2012-06-05T22:32:59Z,1.63240349293
2012-06-05T23:03:00Z,1.70983612537
2012-06-05T23:32:59Z,1.7028721571
2012-06-06T00:02:59Z,1.70411872864
2012-06-06T00:33:00Z,1.71293592453
2012-06-06T01:02:59Z,1.73824679852
2012-06-06T01:32:59Z,1.50551784039
2012-06-06T02:03:00Z,1.60862576962
2012-06-06T02:32:59Z,1.63012218475
2012-06-06T03:02:59Z,1.63975358009
2012-06-06T03:33:00Z,1.52153778076
2012-06-06T04:02:59Z,1.57402324677
2012-06-06T04:32:59Z,1.39675354958
2012-06-06T05:03:00Z,1.4112765789
2012-06-06T05:32:59Z,1.44307088852
2012-06-06T06:02:59Z,1.39846229553
2012-06-06T06:33:00Z,1.33388411999
2012-06-06T07:02:59Z,1.45512056351
2012-06-06T07:32:59Z,1.33623301983
2012-06-06T08:03:00Z,1.3545678854
2012-06-06T08:32:59Z,1.37635052204
2012-06-06T09:02:59Z,1.34956634045
2012-06-06T09:33:00Z,1.39582669735
2012-06-06T10:02:59Z,1.38849639893
2012-06-06T10:32:59Z,1.39902961254
2012-06-06T11:03:00Z,1.49363529682
2012-06-06T11:32:59Z,1.42971634865
2012-06-06T12:33:00Z,1.39272487164
2012-06-06T13:02:59Z,1.35830783844
2012-06-06T13:32:59Z,1.42517006397
2012-06-06T14:03:00Z,1.33788299561
2012-06-06T14:32:59Z,1.3892365694
2012-06-06T15:02:59Z,1.36230647564
2012-06-06T15:33:00Z,1.36137878895
2012-06-06T16:02:59Z,1.35273635387
2012-06-06T16:32:59Z,1.31144058704
2012-06-06T17:03:00Z,1.26860380173
2012-06-06T17:32:59Z,1.26357197762
2012-06-06T18:02:59Z,1.29764008522
2012-06-06T18:33:00Z,1.32891881466
2012-06-06T19:02:59Z,1.29021644592
2012-06-06T19:32:59Z,1.3104749918
2012-06-06T20:03:00Z,1.37244307995
2012-06-06T20:32:59Z,1.43924546242
2012-06-06T21:02:59Z,1.33363044262
2012-06-06T21:33:00Z,1.3993896246
2012-06-06T22:02:59Z,1.37087380886
2012-06-06T22:32:59Z,1.31808292866
2012-06-06T23:03:00Z,1.36746811867
2012-06-06T23:32:59Z,1.33088505268
2012-06-07T00:02:59Z,1.31741607189
2012-06-07T00:33:00Z,1.17697381973
2012-06-07T01:02:59Z,1.2429009676
2012-06-07T01:32:59Z,1.07701253891
2012-06-07T02:03:00Z,1.05172526836
2012-06-07T02:32:59Z,1.11835384369
2012-06-07T03:02:59Z,1.0673416853
2012-06-07T03:33:00Z,1.04138624668
2012-06-07T04:02:59Z,1.00826120377
2012-06-07T04:32:59Z,1.04630947113
2012-06-07T05:03:00Z,1.08443152905
2012-06-07T05:32:59Z,1.00725281239
2012-06-07T06:02:59Z,1.04211962223
2012-06-07T06:33:00Z,1.057690382
2012-06-07T07:02:59Z,1.05790960789
2012-06-07T07:32:59Z,0.969212114811
2012-06-07T08:03:00Z,1.01767253876
2012-06-07T08:32:59Z,1.02321958542
2012-06-07T09:02:59Z,0.983118534088
2012-06-07T09:33:00Z,0.99572622776
2012-06-07T10:02:59Z,1.01069307327
2012-06-07T10:32:59Z,1.07265198231
2012-06-07T11:03:00Z,1.04908585548
2012-06-07T11:32:59Z,1.04552328587
2012-06-07T12:02:59Z,1.11196279526
2012-06-07T12:33:00Z,1.04649841785
2012-06-07T13:02:59Z,1.09508466721
2012-06-07T13:32:59Z,0.995189249516
2012-06-07T14:03:00Z,0.999481737614
2012-06-07T14:32:59Z,0.970494031906
2012-06-07T15:02:59Z,0.95589953661
2012-06-07T15:33:00Z,0.946941614151
2012-06-07T16:02:59Z,0.928467035294
2012-06-07T16:32:59Z,0.942448377609
2012-06-07T17:03:00Z,0.959122180939
2012-06-07T17:32:59Z,0.924399852753
2012-06-07T18:02:59Z,0.915675759315
2012-06-07T18:33:00Z,0.906637430191
2012-06-07T19:02:59Z,0.839607834816
2012-06-07T19:32:59Z,0.851247668266
2012-06-07T20:03:00Z,0.874359965324
2012-06-07T20:32:59Z,0.86023491621
2012-06-07T21:02:59Z,0.807410776615
2012-06-07T21:33:00Z,0.862345457077
2012-06-07T22:02:59Z,0.843103945255
2012-06-07T22:32:59Z,0.871674001217
2012-06-07T23:03:00Z,0.885296225548
2012-06-07T23:32:59Z,0.830427408218
2012-06-08T00:02:59Z,0.85969543457
2012-06-08T00:33:00Z,0.777206480503
2012-06-08T01:02:59Z,0.786779046059
2012-06-08T01:32:59Z,0.810426056385
2012-06-08T02:03:00Z,0.764122605324
2012-06-08T02:32:59Z,0.735942661762
2012-06-08T03:02:59Z,0.775814116001
2012-06-08T03:33:00Z,0.76111727953
2012-06-08T04:02:59Z,0.765301585197
2012-06-08T04:32:59Z,0.72985213995
2012-06-08T05:03:00Z,0.711061537266
2012-06-08T05:32:59Z,0.656795799732
2012-06-08T06:02:59Z,0.726308941841
2012-06-08T06:33:00Z,0.674103677273
2012-06-08T07:02:59Z,0.717558801174
2012-06-08T07:32:59Z,0.736725330353
2012-06-08T08:03:00Z,0.77897143364
2012-06-08T08:32:59Z,0.750987350941
2012-06-08T09:02:59Z,0.805706202984
2012-06-08T10:02:59Z,0.820457160473
2012-06-08T10:32:59Z,0.797905862331
2012-06-08T11:03:00Z,0.823074996471
2012-06-08T11:32:59Z,0.768014073372
2012-06-08T12:02:59Z,0.761865854263
2012-06-08T12:33:00Z,0.717973411083
2012-06-08T13:02:59Z,0.712068021297
2012-06-08T13:32:59Z,0.75190114975
2012-06-08T14:03:00Z,0.658112227917
2012-06-08T14:32:59Z,0.64853644371
2012-06-08T15:02:59Z,0.648149490356
2012-06-08T15:33:00Z,0.605294942856
2012-06-08T16:02:59Z,0.629270851612
2012-06-08T16:32:59Z,0.615922987461
2012-06-08T17:03:00Z,0.594481945038
2012-06-08T17:32:59Z,0.570489645004
2012-06-08T18:02:59Z,0.577776253223
2012-06-08T18:33:00Z,0.535413682461
2012-06-08T19:02:59Z,0.554679870605
2012-06-08T19:32:59Z,0.510337352753
2012-06-08T20:03:00Z,0.527157604694
2012-06-08T20:32:59Z,0.554862976074
2012-06-08T21:02:59Z,0.526674985886
2012-06-08T21:33:00Z,0.534792542458
2012-06-08T22:02:59Z,0.563613295555
2012-06-08T22:32:59Z,0.513846158981
2012-06-08T23:03:00Z,0.533380389214
2012-06-08T23:32:59Z,0.511704325676
2012-06-09T00:02:59Z,0.515744447708
2012-06-09T00:33:00Z,0.51103323698
2012-06-09T01:02:59Z,0.517411410809
2012-06-09T01:32:59Z,0.499117225409
2012-06-09T02:32:59Z,0.541997909546
2012-06-09T03:02:59Z,0.521495103836
2012-06-09T03:33:00Z,0.492435991764
2012-06-09T04:02:59Z,0.502779722214
2012-06-09T04:32:59Z,0.538262248039
2012-06-09T05:03:00Z,0.500612974167
2012-06-09T05:32:59Z,0.475729614496
2012-06-09T06:02:59Z,0.453094184399
2012-06-09T06:33:00Z,0.500689446926
2012-06-09T07:02:59Z,0.490263909101
2012-06-09T07:32:59Z,0.518833816051
2012-06-09T08:03:00Z,0.464207798243
2012-06-09T08:32:59Z,0.465316802263
2012-06-09T09:02:59Z,0.476487100124
2012-06-09T09:33:00Z,0.457801043987
2012-06-09T10:02:59Z,0.477211862803
2012-06-09T10:32:59Z,0.452184826136
2012-06-09T11:03:00Z,0.471541672945
2012-06-09T11:32:59Z,0.487002044916
2012-06-09T12:02:59Z,0.467755794525
2012-06-09T12:33:00Z,0.490790933371
2012-06-09T13:02:59Z,0.478284388781
2012-06-09T13:32:59Z,0.438436061144
2012-06-09T14:03:00Z,0.439102888107
2012-06-09T14:32:59Z,0.407246053219
2012-06-09T15:02:59Z,0.421742290258
2012-06-09T15:33:00Z,0.412759125233
2012-06-09T16:02:59Z,0.397291153669
2012-06-09T16:32:59Z,0.387620300055
2012-06-09T17:03:00Z,0.402776300907
2012-06-09T17:32:59Z,0.393018990755
2012-06-09T18:02:59Z,0.385883361101
2012-06-09T18:33:00Z,0.379613339901
2012-06-09T19:02:59Z,0.378349781036
2012-06-09T19:32:59Z,0.349188774824
2012-06-09T20:03:00Z,0.363005071878
2012-06-09T20:32:59Z,0.369513869286
2012-06-09T21:02:59Z,0.395397484303
2012-06-09T21:33:00Z,0.3901925385
2012-06-09T22:02:59Z,0.419939935207
2012-06-09T22:32:59Z,0.449087500572
2012-06-09T23:03:00Z,0.456076353788
2012-06-09T23:32:59Z,0.460395991802
2012-06-10T00:02:59Z,0.486317336559
2012-06-10T00:33:00Z,0.418473720551
2012-06-10T01:02:59Z,0.422643065453
2012-06-10T01:32:59Z,0.464671194553
2012-06-10T02:03:00Z,0.510777115822
2012-06-10T02:32:59Z,0.511793076992
2012-06-10T03:02:59Z,0.540548682213
2012-06-10T03:33:00Z,0.596749007702
2012-06-10T04:02:59Z,0.59883248806
2012-06-10T04:32:59Z,0.613819777966
2012-06-10T05:03:00Z,0.616128921509
2012-06-10T05:32:59Z,0.600950419903
2012-06-10T06:02:59Z,0.609801650047
2012-06-10T06:33:00Z,0.581735372543
2012-06-10T07:02:59Z,0.552964925766
2012-06-10T07:32:59Z,0.539496243
2012-06-10T08:03:00Z,0.549531757832
2012-06-10T08:32:59Z,0.533902406693
2012-06-10T09:02:59Z,0.499592959881
2012-06-10T09:33:00Z,0.463735371828
2012-06-10T10:02:59Z,0.450431168079
2012-06-10T10:32:59Z,0.464731425047
2012-06-10T11:03:00Z,0.49390900135
2012-06-10T12:02:59Z,0.459325790405
2012-06-10T12:33:00Z,0.478522211313
2012-06-10T13:02:59Z,0.489858686924
2012-06-10T13:32:59Z,0.463375538588
2012-06-10T14:03:00Z,0.450892537832
2012-06-10T14:32:59Z,0.426736742258
2012-06-10T15:02:59Z,0.424965679646
2012-06-10T15:33:00Z,0.409937411547
2012-06-10T16:02:59Z,0.378751367331
2012-06-10T16:32:59Z,0.373010128736
2012-06-10T17:03:00Z,0.362756371498
2012-06-10T17:32:59Z,0.348998486996
2012-06-10T18:02:59Z,0.36476790905
2012-06-10T18:33:00Z,0.364979803562
2012-06-10T19:02:59Z,0.364721179008
2012-06-10T19:32:59Z,0.343940526247
2012-06-10T20:03:00Z,0.334690600634
2012-06-10T20:32:59Z,0.348445564508
2012-06-10T21:02:59Z,0.340031892061
2012-06-10T21:33:00Z,0.337689578533
2012-06-10T22:02:59Z,0.368074774742
2012-06-10T22:32:59Z,0.388757199049
2012-06-10T23:03:00Z,0.41382625699
2012-06-10T23:32:59Z,0.423337191343
2012-06-11T00:02:59Z,0.446444123983
2012-06-11T00:33:00Z,0.387002825737
2012-06-11T01:02:59Z,0.396183460951
2012-06-11T01:32:59Z,0.403682678938
2012-06-11T02:03:00Z,0.458918899298
2012-06-11T02:32:59Z,0.491853445768
2012-06-11T03:02:59Z,0.486308723688
2012-06-11T03:33:00Z,0.465900987387
2012-06-11T04:02:59Z,0.487278729677
2012-06-11T04:32:59Z,0.485883533955
2012-06-11T05:03:00Z,0.500928461552
2012-06-11T05:32:59Z,0.523627340794
2012-06-11T06:02:59Z,0.520337760448
2012-06-11T06:33:00Z,0.528485715389
2012-06-11T07:02:59Z,0.540517151356
2012-06-11T07:32:59Z,0.52629327774
2012-06-11T08:03:00Z,0.527107000351
2012-06-11T08:32:59Z,0.506171762943
2012-06-11T09:02:59Z,0.480953454971
2012-06-11T09:33:00Z,0.456519216299
2012-06-11T10:02:59Z,0.43798238039
2012-06-11T10:32:59Z,0.453930795193
2012-06-11T11:03:00Z,0.448202550411
2012-06-11T11:32:59Z,0.42908218503
2012-06-11T12:02:59Z,0.402494043112
2012-06-11T12:33:00Z,0.41694611311
2012-06-11T13:02:59Z,0.38561975956
2012-06-11T13:32:59Z,0.40017464757
2012-06-11T14:03:00Z,0.358678936958
2012-06-11T14:32:59Z,0.419661939144
2012-06-11T15:02:59Z,0.409646213055
2012-06-11T15:33:00Z,0.376420199871
2012-06-11T16:02:59Z,0.414435774088
2012-06-11T16:32:59Z,0.395012676716
2012-06-11T17:03:00Z,0.43411976099
2012-06-11T17:32:59Z,0.40204975009
2012-06-11T18:02:59Z,0.429076105356
2012-06-11T18:33:00Z,0.355360716581
2012-06-11T19:02:59Z,0.398906499147
2012-06-11T20:03:00Z,0.41908916831
2012-06-11T20:32:59Z,0.520301520824
2012-06-11T21:02:59Z,0.503474533558
2012-06-11T21:33:00Z,0.528726756573
2012-06-11T22:02:59Z,0.570430338383
2012-06-11T22:32:59Z,0.571529150009
2012-06-11T23:03:00Z,0.535410165787
2012-06-11T23:32:59Z,0.545484185219
2012-06-12T00:02:59Z,0.55292224884
2012-06-12T00:33:00Z,0.546470701694
2012-06-12T01:02:59Z,0.597456991673
2012-06-12T01:32:59Z,0.580902576447
2012-06-12T02:03:00Z,0.54326748848
2012-06-12T02:32:59Z,0.482038795948
2012-06-12T03:02:59Z,0.553653120995
2012-06-12T04:32:59Z,0.506999254227
2012-06-12T05:03:00Z,0.511856853962
2012-06-12T05:32:59Z,0.49163427949
2012-06-12T06:02:59Z,0.491899311543
2012-06-12T06:33:00Z,0.495728701353
2012-06-12T07:02:59Z,0.510253667831
2012-06-12T07:32:59Z,0.468557059765
2012-06-12T08:03:00Z,0.499045610428
2012-06-12T08:32:59Z,0.534744918346
2012-06-12T09:02:59Z,0.510841310024
2012-06-12T09:33:00Z,0.500785052776
2012-06-12T10:02:59Z,0.567710399628
2012-06-12T10:32:59Z,0.555006325245
2012-06-12T11:03:00Z,0.571430802345
2012-06-12T11:32:59Z,0.546973228455
2012-06-12T12:02:59Z,0.55393654108
2012-06-12T12:33:00Z,0.571370899677
2012-06-12T13:02:59Z,0.625303864479
2012-06-12T13:32:59Z,0.652263045311
2012-06-12T14:03:00Z,0.628431200981
2012-06-12T14:32:59Z,0.615678727627
2012-06-12T15:02:59Z,0.647268295288
2012-06-12T15:33:00Z,0.636292040348
2012-06-12T16:32:59Z,0.783100605011
2012-06-12T17:03:00Z,0.741062521935
2012-06-12T17:32:59Z,0.698336660862
2012-06-12T18:02:59Z,0.743019342422
2012-06-12T18:33:00Z,0.783311724663
2012-06-12T19:02:59Z,0.837867319584
2012-06-12T19:32:59Z,0.903297245502
2012-06-12T20:03:00Z,0.996927142143
2012-06-12T20:32:59Z,1.03341567516
2012-06-12T21:02:59Z,1.01266098022
2012-06-12T21:33:00Z,0.999372959137
2012-06-12T22:02:59Z,1.02477288246
2012-06-12T22:32:59Z,1.04098582268
2012-06-12T23:03:00Z,1.01345908642
2012-06-12T23:32:59Z,0.965616583824
2012-06-13T00:02:59Z,0.984040558338
2012-06-13T00:33:00Z,0.86821359396
2012-06-13T01:02:59Z,0.940691173077
2012-06-13T01:32:59Z,0.92840218544
2012-06-13T02:32:59Z,0.843876481056
2012-06-13T03:02:59Z,0.860470354557
2012-06-13T03:33:00Z,0.879623353481
2012-06-13T04:02:59Z,0.786404311657
2012-06-13T04:32:59Z,0.81169962883
2012-06-13T05:03:00Z,0.785507619381
2012-06-13T05:32:59Z,0.804376900196
2012-06-13T06:02:59Z,0.7225882411
2012-06-13T06:33:00Z,0.72572350502
2012-06-13T07:02:59Z,0.703749656677
2012-06-13T07:32:59Z,0.73755633831
2012-06-13T08:03:00Z,0.75674289465
2012-06-13T08:32:59Z,0.707792580128
2012-06-13T09:02:59Z,0.711067378521
2012-06-13T09:33:00Z,0.666161119938
2012-06-13T10:02:59Z,0.677352786064
2012-06-13T10:32:59Z,0.693051636219
2012-06-13T11:03:00Z,0.765241801739
2012-06-13T11:32:59Z,0.739515900612
2012-06-13T12:02:59Z,0.748837888241
2012-06-13T12:33:00Z,0.761908531189
2012-06-13T13:02:59Z,0.758861124516
2012-06-13T13:32:59Z,0.751709759235
2012-06-13T14:03:00Z,0.755688369274
2012-06-13T15:02:59Z,0.813656508923
2012-06-13T15:33:00Z,0.840291500092
2012-06-13T16:02:59Z,0.888553202152
2012-06-13T16:32:59Z,0.880468189716
2012-06-13T17:03:00Z,0.873129725456
2012-06-13T17:32:59Z,0.89777380228
2012-06-13T18:02:59Z,0.941083788872
2012-06-13T18:33:00Z,0.958968043327
2012-06-13T19:02:59Z,0.957737267017
2012-06-13T19:32:59Z,1.01207828522
2012-06-13T20:03:00Z,1.09702193737
2012-06-13T20:32:59Z,1.03030586243
2012-06-13T21:02:59Z,1.05474686623
2012-06-13T21:33:00Z,1.01697742939
2012-06-13T22:02:59Z,0.991320669651
2012-06-13T22:32:59Z,0.955656170845
2012-06-13T23:03:00Z,0.993603289127
2012-06-13T23:32:59Z,0.983645021915
2012-06-14T00:02:59Z,1.04955410957
2012-06-14T00:33:00Z,1.10480964184
2012-06-14T01:02:59Z,1.13679528236
2012-06-14T01:32:59Z,1.11083376408
2012-06-14T02:03:00Z,1.0757471323
2012-06-14T02:32:59Z,1.07603240013
2012-06-14T03:02:59Z,1.06589913368
2012-06-14T03:33:00Z,1.10352909565
2012-06-14T04:02:59Z,1.12261140347
2012-06-14T04:32:59Z,1.14908456802
2012-06-14T05:03:00Z,1.31341564655
2012-06-14T05:32:59Z,1.47835862637
2012-06-14T06:02:59Z,1.71678924561
2012-06-14T06:33:00Z,1.84713196754
2012-06-14T07:02:59Z,1.88985955715
2012-06-14T07:32:59Z,1.86291241646
2012-06-14T08:03:00Z,1.91908597946
2012-06-14T08:32:59Z,2.02061343193
2012-06-14T09:02:59Z,2.05907583237
2012-06-14T09:33:00Z,2.12779045105
2012-06-14T10:02:59Z,2.20359683037
2012-06-14T10:32:59Z,1.99011838436
2012-06-14T11:03:00Z,2.02798295021
2012-06-14T11:32:59Z,2.09500980377
2012-06-14T12:02:59Z,2.09469652176
2012-06-14T12:33:00Z,2.07213139534
2012-06-14T13:02:59Z,2.3047952652
2012-06-14T13:32:59Z,2.36799550056
2012-06-14T14:03:00Z,2.33885121346
2012-06-14T14:32:59Z,2.45118451118
2012-06-14T15:02:59Z,2.54587817192
2012-06-14T15:33:00Z,2.61462521553
2012-06-14T16:02:59Z,2.38909888268
2012-06-14T16:32:59Z,2.52768373489
2012-06-14T17:03:00Z,2.516456604
2012-06-14T17:32:59Z,2.58815336227
2012-06-14T18:02:59Z,2.5350253582
2012-06-14T18:33:00Z,2.48994803429
2012-06-14T19:02:59Z,2.57061386108
2012-06-14T19:32:59Z,2.51837539673
2012-06-14T20:03:00Z,2.52201962471
2012-06-14T20:32:59Z,2.61412549019
2012-06-14T21:02:59Z,2.69631576538
2012-06-14T21:33:00Z,2.84842920303
2012-06-14T22:02:59Z,2.85255002975
2012-06-14T22:32:59Z,2.72554636002
2012-06-14T23:03:00Z,2.81537151337
2012-06-14T23:32:59Z,2.61709880829
2012-06-15T00:02:59Z,2.64719319344
2012-06-15T00:33:00Z,2.57327055931
2012-06-15T01:02:59Z,2.81822824478
2012-06-15T01:32:59Z,2.49880051613
2012-06-15T02:32:59Z,2.6627137661
2012-06-15T03:02:59Z,2.55451965332
2012-06-15T03:33:00Z,2.55027770996
2012-06-15T04:02:59Z,2.38458442688
2012-06-15T04:32:59Z,2.52293682098
2012-06-15T05:03:00Z,2.54791307449
2012-06-15T05:32:59Z,2.43500781059
2012-06-15T06:02:59Z,2.42973804474
2012-06-15T06:33:00Z,2.33709526062
2012-06-15T07:02:59Z,2.67638230324
2012-06-15T07:32:59Z,2.48029184341
2012-06-15T08:03:00Z,2.69162559509
2012-06-15T08:32:59Z,2.60534644127
2012-06-15T09:02:59Z,2.62329387665
2012-06-15T09:33:00Z,2.75547599792
2012-06-15T10:02:59Z,2.66059589386
2012-06-15T10:32:59Z,2.73906707764
2012-06-15T11:03:00Z,2.49598288536
2012-06-15T11:32:59Z,2.59923624992
2012-06-15T12:02:59Z,2.5549223423
2012-06-15T12:33:00Z,2.29712867737
2012-06-15T13:02:59Z,2.46876263618
2012-06-15T13:32:59Z,2.36119365692
2012-06-15T14:03:00Z,2.27467894554
2012-06-15T14:32:59Z,2.33200669289
2012-06-15T15:02:59Z,2.32802248001
2012-06-15T15:33:00Z,2.28469109535
2012-06-15T16:02:59Z,2.26443910599
2012-06-15T16:32:59Z,2.26766562462
2012-06-15T17:03:00Z,2.30521941185
2012-06-15T17:32:59Z,2.40886092186
